variant_id,sample_id,gene,variant_class,variant_category,origin
V000001,S00001,TP53,FRAMESHIFT,point_mutation,somatic
V000002,S00001,PTPN11,ITD,structural_variant,somatic
V000003,S00001,ETV6,FUSION,structural_variant,somatic
V000004,S00001,IKZF1,COPY_LOSS,structural_variant,somatic
V000005,S00001,IKZF1,SILENCING,structural_variant,somatic
V000006,S00001,KMT2A,FUSION,structural_variant,somatic
V000007,S00001,KMT2A,FUSION,structural_variant,somatic
V000008,S00002,TP53,COPY_LOSS,structural_variant,somatic
V000009,S00002,ETV6,FUSION,structural_variant,somatic
V000010,S00002,PAX5,COPY_LOSS,structural_variant,somatic
V000011,S00002,KMT2A,FUSION,structural_variant,somatic
V000012,S00003,TP53,MISSENSE,point_mutation,somatic
V000013,S00004,RB1,MISSENSE,point_mutation,somatic
V000014,S00004,ETV6,FUSION,structural_variant,somatic
V000015,S00005,TP53,DELETION,structural_variant,germline
V000016,S00005,KMT2A,COPY_LOSS,structural_variant,somatic
V000017,S00006,ETV6,FUSION,structural_variant,somatic
V000018,S00007,RUNX1,COPY_LOSS,structural_variant,somatic
V000019,S00007,SMO,FRAMESHIFT,point_mutation,germline
V000020,S00007,SMO,FRAMESHIFT,point_mutation,somatic
V000021,S00008,CDKN2B,COPY_LOSS,structural_variant,somatic
V000022,S00008,CDKN2B,MISSENSE,point_mutation,somatic
V000023,S00008,FLT3,MISSENSE,point_mutation,somatic
V000024,S00008,RUNX1,FUSION,structural_variant,somatic
V000025,S00008,ETV6,FRAMESHIFT,point_mutation,somatic
V000026,S00009,KRAS,MISSENSE,point_mutation,somatic
V000027,S00009,RUNX1,MISSENSE,point_mutation,somatic
V000028,S00009,SMO,FRAMESHIFT,point_mutation,somatic
V000029,S00009,SMO,SILENCING,structural_variant,somatic
V000030,S00010,PAX5,MISSENSE,point_mutation,somatic
V000031,S00011,RUNX1,FUSION,structural_variant,somatic
V000032,S00012,ETV6,FUSION,structural_variant,somatic
V000033,S00013,KMT2A,FUSION,structural_variant,somatic
V000034,S00014,FLT3,PROTEININS,point_mutation,somatic
V000035,S00016,ETV6,FUSION,structural_variant,somatic
V000036,S00016,PAX5,FUSION,structural_variant,somatic
V000037,S00016,IKZF1,MISSENSE,point_mutation,somatic
V000038,S00017,PAX5,FUSION,structural_variant,somatic
V000039,S00017,IKZF1,FRAMESHIFT,point_mutation,somatic
V000040,S00017,KMT2A,FUSION,structural_variant,somatic
V000041,S00017,KMT2A,FUSION,structural_variant,somatic
V000042,S00018,CDKN2B,COPY_LOSS,structural_variant,somatic
V000043,S00018,KRAS,MISSENSE,point_mutation,somatic
V000044,S00018,KRAS,MISSENSE,point_mutation,germline
V000045,S00018,EZH2,MISSENSE,point_mutation,somatic
V000046,S00019,RUNX1,FUSION,structural_variant,somatic
V000047,S00019,ETV6,FUSION,structural_variant,somatic
V000048,S00019,KMT2A,FUSION,structural_variant,somatic
V000049,S00019,KMT2A,COPY_LOSS,structural_variant,somatic
V000050,S00019,KMT2A,COPY_LOSS,structural_variant,somatic
V000051,S00020,TP53,COPY_LOSS,structural_variant,somatic
V000052,S00021,TP53,MISSENSE,point_mutation,somatic
V000053,S00021,ETV6,FUSION,structural_variant,somatic
V000054,S00022,ETV6,FUSION,structural_variant,somatic
V000055,S00022,IKZF1,SPLICE_REGION,point_mutation,germline
V000056,S00023,TP53,COPY_LOSS,structural_variant,somatic
V000057,S00023,RUNX1,FUSION,structural_variant,somatic
V000058,S00024,RUNX1,FUSION,structural_variant,somatic
V000059,S00024,IKZF1,MISSENSE,point_mutation,somatic
V000060,S00025,TP53,SPLICE,point_mutation,somatic
V000061,S00025,FLT3,MISSENSE,point_mutation,somatic
V000062,S00025,KMT2A,FUSION,structural_variant,somatic
V000063,S00025,KMT2A,FRAMESHIFT,point_mutation,somatic
V000064,S00026,FLT3,PROTEININS,point_mutation,somatic
V000065,S00026,FLT3,MISSENSE,point_mutation,somatic
V000066,S00026,ETV6,FUSION,structural_variant,somatic
V000067,S00026,ETV6,COPY_LOSS,structural_variant,somatic
V000068,S00027,TP53,MISSENSE,point_mutation,somatic
V000069,S00027,TP53,COPY_LOSS,structural_variant,somatic
V000070,S00027,RB1,FRAMESHIFT,point_mutation,somatic
V000071,S00027,ETV6,FRAMESHIFT,point_mutation,somatic
V000072,S00027,ETV6,MISSENSE,point_mutation,somatic
V000073,S00027,PAX5,FRAMESHIFT,point_mutation,somatic
V000074,S00028,RUNX1,MISSENSE,point_mutation,somatic
V000075,S00028,RUNX1,FUSION,structural_variant,somatic
V000076,S00028,IKZF1,COPY_LOSS,structural_variant,somatic
V000077,S00029,PTPN11,MISSENSE,point_mutation,somatic
V000078,S00030,PAX5,COPY_LOSS,structural_variant,germline
V000079,S00030,IKZF1,SPLICE_REGION,point_mutation,somatic
V000080,S00030,KMT2A,FUSION,structural_variant,somatic
V000081,S00030,KMT2A,FUSION,structural_variant,somatic
V000082,S00031,IKZF1,SILENCING,structural_variant,somatic
V000083,S00032,TP53,MISSENSE,point_mutation,somatic
V000084,S00033,RUNX1,FUSION,structural_variant,somatic
V000085,S00033,ETV6,FUSION,structural_variant,somatic
V000086,S00033,ETV6,FUSION,structural_variant,somatic
V000087,S00034,IKZF1,FRAMESHIFT,point_mutation,somatic
V000088,S00034,IKZF1,FRAMESHIFT,point_mutation,somatic
V000089,S00035,TP53,DELETION,structural_variant,germline
V000090,S00035,CDKN2B,NONSENSE,point_mutation,somatic
V000091,S00035,FLT3,MISSENSE,point_mutation,somatic
V000092,S00035,FLT3,MISSENSE,point_mutation,somatic
V000093,S00036,FLT3,MISSENSE,point_mutation,somatic
V000094,S00036,KMT2A,FUSION,structural_variant,somatic
V000095,S00037,ETV6,FUSION,structural_variant,somatic
V000096,S00037,KMT2A,FRAMESHIFT,point_mutation,somatic
V000097,S00037,PTCH1,MISSENSE,point_mutation,somatic
V000098,S00038,FLT3,MISSENSE,point_mutation,somatic
V000099,S00038,FLT3,MISSENSE,point_mutation,somatic
V000100,S00038,RUNX1,FUSION,structural_variant,somatic
V000101,S00039,RUNX1,COPY_LOSS,structural_variant,somatic
V000102,S00040,RB1,MISSENSE,point_mutation,somatic
V000103,S00040,PAX5,FUSION,structural_variant,somatic
V000104,S00040,PAX5,FUSION,structural_variant,somatic
V000105,S00041,KMT2A,FUSION,structural_variant,somatic
V000106,S00042,TP53,MISSENSE,point_mutation,germline
V000107,S00042,FLT3,ITD,structural_variant,somatic
V000108,S00042,RUNX1,MISSENSE,point_mutation,somatic
V000109,S00042,KMT2A,FUSION,structural_variant,somatic
V000110,S00042,KMT2A,FUSION,structural_variant,somatic
V000111,S00042,KMT2A,FUSION,structural_variant,somatic
V000112,S00043,FLT3,PROTEININS,point_mutation,somatic
V000113,S00043,ETV6,COPY_LOSS,structural_variant,somatic
V000114,S00044,TP53,NONSENSE,point_mutation,somatic
V000115,S00044,FLT3,ACTIVATING,structural_variant,somatic
V000116,S00044,RUNX1,COPY_LOSS,structural_variant,somatic
V000117,S00044,ETV6,FUSION,structural_variant,somatic
V000118,S00044,ETV6,FUSION,structural_variant,somatic
V000119,S00044,PAX5,FRAMESHIFT,point_mutation,somatic
V000120,S00045,ETV6,FUSION,structural_variant,somatic
V000121,S00045,IKZF1,SILENCING,structural_variant,somatic
V000122,S00046,ETV6,FRAMESHIFT,point_mutation,somatic
V000123,S00047,TP53,FRAMESHIFT,point_mutation,germline
V000124,S00047,ETV6,MISSENSE,point_mutation,germline
V000125,S00047,EZH2,NONSENSE,point_mutation,somatic
V000126,S00047,EZH2,MISSENSE,point_mutation,somatic
V000127,S00048,SMO,SPLICE_REGION,point_mutation,somatic
V000128,S00050,TP53,MISSENSE,point_mutation,somatic
V000129,S00050,ETV6,FUSION,structural_variant,somatic
V000130,S00050,IKZF1,FRAMESHIFT,point_mutation,somatic
V000131,S00051,CDKN2A,DELETION,structural_variant,somatic
V000132,S00051,IKZF1,MISSENSE,point_mutation,somatic
V000133,S00051,DNMT3A,FRAMESHIFT,point_mutation,somatic
V000134,S00052,RUNX1,FUSION,structural_variant,somatic
V000135,S00053,TP53,SPLICE,point_mutation,somatic
V000136,S00053,FLT3,MISSENSE,point_mutation,germline
V000137,S00054,ETV6,MISSENSE,point_mutation,somatic
V000138,S00054,IKZF1,MISSENSE,point_mutation,somatic
V000139,S00054,IKZF1,COPY_LOSS,structural_variant,germline
V000140,S00054,IKZF1,SPLICE_REGION,point_mutation,somatic
V000141,S00054,KMT2A,FUSION,structural_variant,somatic
V000142,S00056,PAX5,COPY_LOSS,structural_variant,somatic
V000143,S00057,TP53,DELETION,structural_variant,germline
V000144,S00057,TP53,COPY_LOSS,structural_variant,somatic
V000145,S00057,TP53,MISSENSE,point_mutation,germline
V000146,S00058,RUNX1,MISSENSE,point_mutation,somatic
V000147,S00058,EZH2,FRAMESHIFT,point_mutation,somatic
V000148,S00059,TP53,DELETION,structural_variant,germline
V000149,S00059,PAX5,FUSION,structural_variant,somatic
V000150,S00060,RUNX1,FUSION,structural_variant,somatic
V000151,S00060,ETV6,FUSION,structural_variant,somatic
V000152,S00060,KMT2A,COPY_LOSS,structural_variant,somatic
V000153,S00061,TP53,FRAMESHIFT,point_mutation,somatic
V000154,S00061,RUNX1,COPY_LOSS,structural_variant,somatic
V000155,S00061,IKZF1,COPY_LOSS,structural_variant,somatic
V000156,S00063,ETV6,MISSENSE,point_mutation,somatic
V000157,S00063,KMT2A,FUSION,structural_variant,somatic
V000158,S00063,KMT2A,FUSION,structural_variant,somatic
V000159,S00064,IKZF1,MISSENSE,point_mutation,somatic
V000160,S00065,PAX5,FRAMESHIFT,point_mutation,germline
V000161,S00065,KMT2A,MISSENSE,point_mutation,somatic
V000162,S00066,ETV6,FUSION,structural_variant,germline
V000163,S00066,IKZF1,SPLICE_REGION,point_mutation,germline
V000164,S00067,RUNX1,FUSION,structural_variant,somatic
V000165,S00067,RUNX1,FUSION,structural_variant,somatic
V000166,S00067,RUNX1,FUSION,structural_variant,somatic
V000167,S00067,IKZF1,SPLICE_REGION,point_mutation,somatic
V000168,S00067,KMT2A,FUSION,structural_variant,somatic
V000169,S00068,TP53,SPLICE,point_mutation,somatic
V000170,S00068,RUNX1,FUSION,structural_variant,somatic
V000171,S00068,ETV6,FUSION,structural_variant,somatic
V000172,S00069,RB1,FRAMESHIFT,point_mutation,somatic
V000173,S00071,TP53,MISSENSE,point_mutation,somatic
V000174,S00071,FLT3,MISSENSE,point_mutation,somatic
V000175,S00071,ETV6,COPY_LOSS,structural_variant,somatic
V000176,S00071,KMT2A,FUSION,structural_variant,somatic
V000177,S00072,RB1,MISSENSE,point_mutation,somatic
V000178,S00072,RB1,DELETION,structural_variant,somatic
V000179,S00072,KMT2A,FUSION,structural_variant,somatic
V000180,S00072,KMT2A,FUSION,structural_variant,somatic
V000181,S00073,TP53,DELETION,structural_variant,somatic
V000182,S00073,ETV6,FRAMESHIFT,point_mutation,somatic
V000183,S00073,PTCH1,MISSENSE,point_mutation,somatic
V000184,S00073,SMO,FRAMESHIFT,point_mutation,somatic
V000185,S00074,FLT3,ITD,structural_variant,somatic
V000186,S00074,FLT3,MISSENSE,point_mutation,somatic
V000187,S00075,ETV6,FRAMESHIFT,point_mutation,somatic
V000188,S00076,FLT3,MISSENSE,point_mutation,somatic
V000189,S00076,RUNX1,FUSION,structural_variant,germline
V000190,S00076,RUNX1,MISSENSE,point_mutation,somatic
V000191,S00076,IKZF1,MISSENSE,point_mutation,somatic
V000192,S00076,KMT2A,FUSION,structural_variant,somatic
V000193,S00077,CDKN2B,DELETION,structural_variant,somatic
V000194,S00077,FLT3,MISSENSE,point_mutation,somatic
V000195,S00077,FLT3,ACTIVATING,structural_variant,somatic
V000196,S00078,ETV6,COPY_LOSS,structural_variant,somatic
V000197,S00078,ETV6,MISSENSE,point_mutation,somatic
V000198,S00078,ETV6,FUSION,structural_variant,somatic
V000199,S00078,CTNNB1,MISSENSE,point_mutation,somatic
V000200,S00079,PAX5,FUSION,structural_variant,somatic
V000201,S00079,PAX5,MISSENSE,point_mutation,somatic
V000202,S00079,PAX5,FUSION,structural_variant,somatic
V000203,S00079,CTNNB1,SILENCING,structural_variant,somatic
V000204,S00080,ETV6,FUSION,structural_variant,somatic
V000205,S00080,ETV6,FUSION,structural_variant,somatic
V000206,S00080,EZH2,MISSENSE,point_mutation,somatic
V000207,S00081,PAX5,FUSION,structural_variant,somatic
V000208,S00081,PAX5,FUSION,structural_variant,somatic
V000209,S00081,DNMT3A,SILENCING,structural_variant,somatic
V000210,S00082,FLT3,MISSENSE,point_mutation,somatic
V000211,S00082,DNMT3A,MISSENSE,point_mutation,somatic
V000212,S00083,CTNNB1,MISSENSE,point_mutation,somatic
V000213,S00084,ETV6,FUSION,structural_variant,somatic
V000214,S00084,ETV6,FUSION,structural_variant,somatic
V000215,S00084,PAX5,COPY_LOSS,structural_variant,somatic
V000216,S00084,KMT2A,COPY_LOSS,structural_variant,somatic
V000217,S00085,CDKN2B,SPLICE,point_mutation,somatic
V000218,S00085,RUNX1,MISSENSE,point_mutation,somatic
V000219,S00087,IKZF1,NONSENSE,point_mutation,somatic
V000220,S00088,TP53,COPY_LOSS,structural_variant,somatic
V000221,S00088,RB1,COPY_LOSS,structural_variant,somatic
V000222,S00088,RUNX1,FUSION,structural_variant,somatic
V000223,S00089,FLT3,MISSENSE,point_mutation,somatic
V000224,S00089,PTPN11,MISSENSE,point_mutation,somatic
V000225,S00089,PTPN11,ITD,structural_variant,somatic
V000226,S00090,FLT3,MISSENSE,point_mutation,somatic
V000227,S00090,RUNX1,FUSION,structural_variant,somatic
V000228,S00090,RUNX1,FUSION,structural_variant,somatic
V000229,S00090,ETV6,FUSION,structural_variant,somatic
V000230,S00091,TP53,COPY_LOSS,structural_variant,somatic
V000231,S00091,TP53,FRAMESHIFT,point_mutation,somatic
V000232,S00091,KMT2A,FUSION,structural_variant,somatic
V000233,S00092,KMT2A,FUSION,structural_variant,somatic
V000234,S00092,KMT2A,FUSION,structural_variant,somatic
V000235,S00092,KMT2A,FUSION,structural_variant,somatic
V000236,S00093,ETV6,FUSION,structural_variant,somatic
V000237,S00094,PAX5,FUSION,structural_variant,somatic
V000238,S00095,TP53,COPY_LOSS,structural_variant,somatic
V000239,S00095,TP53,COPY_LOSS,structural_variant,somatic
V000240,S00095,ETV6,MISSENSE,point_mutation,somatic
V000241,S00095,KMT2A,FUSION,structural_variant,somatic
V000242,S00095,KMT2A,FRAMESHIFT,point_mutation,somatic
V000243,S00095,KMT2A,FUSION,structural_variant,somatic
V000244,S00095,SMO,MISSENSE,point_mutation,somatic
V000245,S00096,TP53,MISSENSE,point_mutation,germline
V000246,S00096,KRAS,MISSENSE,point_mutation,somatic
V000247,S00096,ETV6,FUSION,structural_variant,somatic
V000248,S00096,KMT2A,FUSION,structural_variant,somatic
V000249,S00097,FLT3,PROTEININS,point_mutation,germline
V000250,S00097,FLT3,MISSENSE,point_mutation,somatic
V000251,S00097,PAX5,FUSION,structural_variant,somatic
V000252,S00098,TP53,DELETION,structural_variant,somatic
V000253,S00098,ETV6,FUSION,structural_variant,somatic
V000254,S00099,ETV6,FUSION,structural_variant,somatic
V000255,S00099,KMT2A,COPY_LOSS,structural_variant,somatic
V000256,S00100,RUNX1,FUSION,structural_variant,germline
V000257,S00100,RUNX1,FUSION,structural_variant,somatic
V000258,S00100,ETV6,FRAMESHIFT,point_mutation,somatic
V000259,S00101,ETV6,FRAMESHIFT,point_mutation,somatic
V000260,S00101,ETV6,FRAMESHIFT,point_mutation,somatic
V000261,S00101,KMT2A,FUSION,structural_variant,somatic
V000262,S00102,TP53,FRAMESHIFT,point_mutation,somatic
V000263,S00102,TP53,COPY_LOSS,structural_variant,somatic
V000264,S00102,RUNX1,FUSION,structural_variant,germline
V000265,S00102,RUNX1,FUSION,structural_variant,somatic
V000266,S00102,IKZF1,FRAMESHIFT,point_mutation,somatic
V000267,S00103,RUNX1,COPY_LOSS,structural_variant,somatic
V000268,S00104,ETV6,FUSION,structural_variant,somatic
V000269,S00105,PAX5,FUSION,structural_variant,somatic
V000270,S00106,RUNX1,FUSION,structural_variant,somatic
V000271,S00107,ETV6,FUSION,structural_variant,somatic
V000272,S00107,IKZF1,MISSENSE,point_mutation,somatic
V000273,S00108,RUNX1,FUSION,structural_variant,somatic
V000274,S00108,PAX5,FUSION,structural_variant,somatic
V000275,S00108,IKZF1,MISSENSE,point_mutation,somatic
V000276,S00108,KMT2A,FUSION,structural_variant,somatic
V000277,S00108,KMT2A,COPY_LOSS,structural_variant,somatic
V000278,S00109,RUNX1,FRAMESHIFT,point_mutation,somatic
V000279,S00110,TP53,NONSENSE,point_mutation,somatic
V000280,S00110,FLT3,MISSENSE,point_mutation,somatic
V000281,S00110,FLT3,MISSENSE,point_mutation,germline
V000282,S00111,ETV6,COPY_LOSS,structural_variant,somatic
V000283,S00112,TP53,COPY_LOSS,structural_variant,somatic
V000284,S00112,KRAS,MISSENSE,point_mutation,somatic
V000285,S00112,RUNX1,FUSION,structural_variant,somatic
V000286,S00112,PAX5,COPY_LOSS,structural_variant,somatic
V000287,S00112,PAX5,FUSION,structural_variant,somatic
V000288,S00112,KMT2A,FUSION,structural_variant,somatic
V000289,S00113,TP53,MISSENSE,point_mutation,somatic
V000290,S00113,RUNX1,MISSENSE,point_mutation,somatic
V000291,S00113,ETV6,COPY_LOSS,structural_variant,germline
V000292,S00113,IKZF1,MISSENSE,point_mutation,somatic
V000293,S00113,KMT2A,FUSION,structural_variant,somatic
V000294,S00113,KMT2A,FUSION,structural_variant,somatic
V000295,S00114,TP53,COPY_LOSS,structural_variant,somatic
V000296,S00114,PAX5,FUSION,structural_variant,somatic
V000297,S00114,PAX5,FUSION,structural_variant,somatic
V000298,S00115,FLT3,ACTIVATING,structural_variant,somatic
V000299,S00116,TP53,MISSENSE,point_mutation,somatic
V000300,S00116,IKZF1,MISSENSE,point_mutation,somatic
V000301,S00117,ETV6,FUSION,structural_variant,somatic
V000302,S00118,ETV6,FUSION,structural_variant,somatic
V000303,S00119,TP53,MISSENSE,point_mutation,somatic
V000304,S00119,TP53,DELETION,structural_variant,somatic
V000305,S00119,KMT2A,FUSION,structural_variant,somatic
V000306,S00120,TP53,COPY_LOSS,structural_variant,somatic
V000307,S00120,IKZF1,SPLICE_REGION,point_mutation,somatic
V000308,S00120,IKZF1,MISSENSE,point_mutation,somatic
V000309,S00121,RUNX1,FUSION,structural_variant,somatic
V000310,S00121,IKZF1,MISSENSE,point_mutation,somatic
V000311,S00122,KMT2A,FRAMESHIFT,point_mutation,somatic
V000312,S00122,PTCH1,COPY_LOSS,structural_variant,somatic
V000313,S00123,IKZF1,NONSENSE,point_mutation,somatic
V000314,S00123,IKZF1,FRAMESHIFT,point_mutation,somatic
V000315,S00124,RUNX1,COPY_LOSS,structural_variant,somatic
V000316,S00124,ETV6,FUSION,structural_variant,somatic
V000317,S00124,PAX5,FUSION,structural_variant,somatic
V000318,S00125,ETV6,FUSION,structural_variant,somatic
V000319,S00125,IKZF1,MISSENSE,point_mutation,somatic
V000320,S00125,IKZF1,SPLICE_REGION,point_mutation,somatic
V000321,S00126,RUNX1,FUSION,structural_variant,somatic
V000322,S00126,ETV6,MISSENSE,point_mutation,somatic
V000323,S00127,RUNX1,FUSION,structural_variant,somatic
V000324,S00127,ETV6,MISSENSE,point_mutation,somatic
V000325,S00128,RUNX1,FUSION,structural_variant,somatic
V000326,S00128,IKZF1,FRAMESHIFT,point_mutation,somatic
V000327,S00129,KRAS,MISSENSE,point_mutation,somatic
V000328,S00130,FLT3,MISSENSE,point_mutation,somatic
V000329,S00130,IKZF1,SILENCING,structural_variant,somatic
V000330,S00130,SMO,MISSENSE,point_mutation,somatic
V000331,S00130,SMO,FRAMESHIFT,point_mutation,somatic
V000332,S00131,RUNX1,FUSION,structural_variant,somatic
V000333,S00131,IKZF1,MISSENSE,point_mutation,somatic
V000334,S00131,KMT2A,FUSION,structural_variant,somatic
V000335,S00131,EZH2,SILENCING,structural_variant,somatic
V000336,S00133,TP53,MISSENSE,point_mutation,somatic
V000337,S00133,TP53,MISSENSE,point_mutation,somatic
V000338,S00133,KMT2A,FRAMESHIFT,point_mutation,somatic
V000339,S00133,KMT2A,FUSION,structural_variant,somatic
V000340,S00134,TP53,NONSENSE,point_mutation,somatic
V000341,S00134,ETV6,FRAMESHIFT,point_mutation,somatic
V000342,S00134,PAX5,FUSION,structural_variant,somatic
V000343,S00135,ETV6,FUSION,structural_variant,somatic
V000344,S00135,ETV6,FUSION,structural_variant,somatic
V000345,S00135,IKZF1,MISSENSE,point_mutation,somatic
V000346,S00136,TP53,MISSENSE,point_mutation,somatic
V000347,S00136,FLT3,MISSENSE,point_mutation,germline
V000348,S00136,FLT3,MISSENSE,point_mutation,somatic
V000349,S00137,KMT2A,FUSION,structural_variant,somatic
V000350,S00137,KMT2A,FRAMESHIFT,point_mutation,somatic
V000351,S00138,KMT2A,COPY_LOSS,structural_variant,somatic
V000352,S00139,ETV6,FUSION,structural_variant,somatic
V000353,S00139,PAX5,FUSION,structural_variant,somatic
V000354,S00139,PAX5,FRAMESHIFT,point_mutation,somatic
V000355,S00139,PAX5,FUSION,structural_variant,somatic
V000356,S00139,IKZF1,NONSENSE,point_mutation,somatic
V000357,S00140,ETV6,FUSION,structural_variant,somatic
V000358,S00141,ETV6,FUSION,structural_variant,somatic
V000359,S00141,IKZF1,FRAMESHIFT,point_mutation,germline
V000360,S00142,PAX5,FUSION,structural_variant,somatic
V000361,S00142,KMT2A,COPY_LOSS,structural_variant,somatic
V000362,S00143,RUNX1,FRAMESHIFT,point_mutation,somatic
V000363,S00143,KMT2A,FUSION,structural_variant,somatic
V000364,S00144,RUNX1,COPY_LOSS,structural_variant,somatic
V000365,S00144,ETV6,FUSION,structural_variant,somatic
V000366,S00144,IKZF1,MISSENSE,point_mutation,somatic
V000367,S00144,IKZF1,MISSENSE,point_mutation,somatic
V000368,S00145,ETV6,FUSION,structural_variant,somatic
V000369,S00145,ETV6,MISSENSE,point_mutation,somatic
V000370,S00145,IKZF1,COPY_LOSS,structural_variant,germline
V000371,S00145,KMT2A,FUSION,structural_variant,somatic
V000372,S00146,TP53,NONSENSE,point_mutation,somatic
V000373,S00146,RUNX1,COPY_LOSS,structural_variant,somatic
V000374,S00146,ETV6,FRAMESHIFT,point_mutation,somatic
V000375,S00147,TP53,COPY_LOSS,structural_variant,somatic
V000376,S00147,CTNNB1,FRAMESHIFT,point_mutation,somatic
V000377,S00147,CTNNB1,COPY_LOSS,structural_variant,somatic
V000378,S00148,TP53,MISSENSE,point_mutation,somatic
V000379,S00148,RUNX1,FRAMESHIFT,point_mutation,somatic
V000380,S00149,TP53,COPY_LOSS,structural_variant,somatic
V000381,S00149,PAX5,FUSION,structural_variant,somatic
V000382,S00149,IKZF1,MISSENSE,point_mutation,somatic
V000383,S00151,CDKN2A,COPY_LOSS,structural_variant,somatic
V000384,S00151,ETV6,FUSION,structural_variant,somatic
V000385,S00151,EZH2,MISSENSE,point_mutation,somatic
V000386,S00151,EZH2,MISSENSE,point_mutation,somatic
V000387,S00151,CTNNB1,SILENCING,structural_variant,somatic
V000388,S00152,TP53,MISSENSE,point_mutation,somatic
V000389,S00152,CTNNB1,MISSENSE,point_mutation,somatic
V000390,S00152,SMO,MISSENSE,point_mutation,somatic
V000391,S00153,CTNNB1,COPY_LOSS,structural_variant,somatic
V000392,S00153,CTNNB1,MISSENSE,point_mutation,germline
V000393,S00154,CDKN2B,COPY_LOSS,structural_variant,somatic
V000394,S00154,IKZF1,FRAMESHIFT,point_mutation,somatic
V000395,S00155,EZH2,COPY_LOSS,structural_variant,somatic
V000396,S00156,CDKN2A,MISSENSE,point_mutation,somatic
V000397,S00156,NRAS,PROTEININS,point_mutation,somatic
V000398,S00156,EZH2,SILENCING,structural_variant,somatic
V000399,S00156,EZH2,SILENCING,structural_variant,somatic
V000400,S00156,EZH2,SILENCING,structural_variant,somatic
V000401,S00157,PAX5,MISSENSE,point_mutation,somatic
V000402,S00157,EZH2,SPLICE_REGION,point_mutation,somatic
V000403,S00157,CTNNB1,MISSENSE,point_mutation,somatic
V000404,S00158,EZH2,MISSENSE,point_mutation,somatic
V000405,S00158,PTCH1,NONSENSE,point_mutation,somatic
V000406,S00159,TP53,SPLICE,point_mutation,somatic
V000407,S00159,CDKN2A,MISSENSE,point_mutation,somatic
V000408,S00159,IKZF1,MISSENSE,point_mutation,somatic
V000409,S00159,PTCH1,MISSENSE,point_mutation,somatic
V000410,S00160,TP53,COPY_LOSS,structural_variant,somatic
V000411,S00160,EZH2,SPLICE_REGION,point_mutation,somatic
V000412,S00160,SMO,MISSENSE,point_mutation,somatic
V000413,S00161,CDKN2B,FRAMESHIFT,point_mutation,somatic
V000414,S00161,CDKN2B,DELETION,structural_variant,somatic
V000415,S00161,KRAS,MISSENSE,point_mutation,somatic
V000416,S00161,KRAS,ITD,structural_variant,somatic
V000417,S00161,CTNNB1,MISSENSE,point_mutation,somatic
V000418,S00161,PTCH1,SILENCING,structural_variant,somatic
V000419,S00162,PTCH1,MISSENSE,point_mutation,somatic
V000420,S00163,SMO,FRAMESHIFT,point_mutation,somatic
V000421,S00164,TP53,MISSENSE,point_mutation,somatic
V000422,S00164,CDKN2A,COPY_LOSS,structural_variant,somatic
V000423,S00164,KRAS,MISSENSE,point_mutation,somatic
V000424,S00164,PTCH1,SPLICE_REGION,point_mutation,somatic
V000425,S00164,PTCH1,MISSENSE,point_mutation,somatic
V000426,S00166,TP53,COPY_LOSS,structural_variant,somatic
V000427,S00166,CTNNB1,MISSENSE,point_mutation,somatic
V000428,S00166,PTCH1,MISSENSE,point_mutation,somatic
V000429,S00166,SMO,COPY_LOSS,structural_variant,somatic
V000430,S00167,TP53,SPLICE,point_mutation,somatic
V000431,S00167,CDKN2A,MISSENSE,point_mutation,somatic
V000432,S00167,CDKN2A,MISSENSE,point_mutation,somatic
V000433,S00167,NRAS,ACTIVATING,structural_variant,somatic
V000434,S00167,NRAS,MISSENSE,point_mutation,somatic
V000435,S00167,EZH2,FRAMESHIFT,point_mutation,somatic
V000436,S00167,CTNNB1,MISSENSE,point_mutation,germline
V000437,S00168,TP53,COPY_LOSS,structural_variant,somatic
V000438,S00168,ETV6,FUSION,structural_variant,somatic
V000439,S00168,ETV6,FUSION,structural_variant,somatic
V000440,S00169,TP53,MISSENSE,point_mutation,somatic
V000441,S00170,CTNNB1,FRAMESHIFT,point_mutation,somatic
V000442,S00171,EZH2,SILENCING,structural_variant,somatic
V000443,S00171,EZH2,MISSENSE,point_mutation,somatic
V000444,S00171,SMO,MISSENSE,point_mutation,somatic
V000445,S00171,SMO,SILENCING,structural_variant,somatic
V000446,S00172,TP53,MISSENSE,point_mutation,germline
V000447,S00172,KRAS,MISSENSE,point_mutation,somatic
V000448,S00173,ETV6,FUSION,structural_variant,somatic
V000449,S00174,TP53,MISSENSE,point_mutation,somatic
V000450,S00174,ETV6,FRAMESHIFT,point_mutation,somatic
V000451,S00175,PTPN11,MISSENSE,point_mutation,somatic
V000452,S00175,SMO,COPY_LOSS,structural_variant,somatic
V000453,S00176,EZH2,MISSENSE,point_mutation,somatic
V000454,S00177,CTNNB1,COPY_LOSS,structural_variant,somatic
V000455,S00178,CDKN2A,MISSENSE,point_mutation,somatic
V000456,S00179,PTCH1,NONSENSE,point_mutation,somatic
V000457,S00179,SMO,MISSENSE,point_mutation,somatic
V000458,S00179,SMO,SPLICE_REGION,point_mutation,somatic
V000459,S00180,TP53,MISSENSE,point_mutation,germline
V000460,S00180,EZH2,MISSENSE,point_mutation,somatic
V000461,S00180,SMO,MISSENSE,point_mutation,germline
V000462,S00181,TP53,DELETION,structural_variant,somatic
V000463,S00182,TP53,NONSENSE,point_mutation,somatic
V000464,S00182,CTNNB1,FRAMESHIFT,point_mutation,somatic
V000465,S00182,CTNNB1,MISSENSE,point_mutation,somatic
V000466,S00183,TP53,MISSENSE,point_mutation,somatic
V000467,S00183,PAX5,FUSION,structural_variant,somatic
V000468,S00184,FLT3,ITD,structural_variant,somatic
V000469,S00184,FLT3,ITD,structural_variant,somatic
V000470,S00184,CTNNB1,FRAMESHIFT,point_mutation,somatic
V000471,S00184,PTCH1,NONSENSE,point_mutation,somatic
V000472,S00185,TP53,COPY_LOSS,structural_variant,somatic
V000473,S00185,KRAS,MISSENSE,point_mutation,somatic
V000474,S00185,KRAS,MISSENSE,point_mutation,somatic
V000475,S00185,KRAS,MISSENSE,point_mutation,somatic
V000476,S00185,ETV6,FUSION,structural_variant,somatic
V000477,S00185,SMO,MISSENSE,point_mutation,germline
V000478,S00186,TP53,DELETION,structural_variant,somatic
V000479,S00186,NRAS,MISSENSE,point_mutation,somatic
V000480,S00186,EZH2,FRAMESHIFT,point_mutation,somatic
V000481,S00187,CDKN2A,NONSENSE,point_mutation,somatic
V000482,S00187,CDKN2A,NONSENSE,point_mutation,somatic
V000483,S00187,DNMT3A,MISSENSE,point_mutation,germline
V000484,S00188,TP53,DELETION,structural_variant,somatic
V000485,S00188,CDKN2A,DELETION,structural_variant,somatic
V000486,S00188,IKZF1,MISSENSE,point_mutation,somatic
V000487,S00189,CDKN2A,MISSENSE,point_mutation,somatic
V000488,S00189,SMO,SPLICE_REGION,point_mutation,somatic
V000489,S00190,TP53,DELETION,structural_variant,somatic
V000490,S00190,CTNNB1,SPLICE_REGION,point_mutation,somatic
V000491,S00190,CTNNB1,FRAMESHIFT,point_mutation,somatic
V000492,S00191,CDKN2A,MISSENSE,point_mutation,somatic
V000493,S00192,TP53,DELETION,structural_variant,somatic
V000494,S00192,PAX5,FUSION,structural_variant,somatic
V000495,S00192,PAX5,COPY_LOSS,structural_variant,germline
V000496,S00192,PAX5,COPY_LOSS,structural_variant,somatic
V000497,S00192,EZH2,MISSENSE,point_mutation,somatic
V000498,S00192,DNMT3A,MISSENSE,point_mutation,somatic
V000499,S00192,CTNNB1,MISSENSE,point_mutation,germline
V000500,S00192,SMO,SILENCING,structural_variant,somatic
V000501,S00193,TP53,MISSENSE,point_mutation,somatic
V000502,S00193,SMO,MISSENSE,point_mutation,somatic
V000503,S00193,SMO,FRAMESHIFT,point_mutation,somatic
V000504,S00194,TP53,MISSENSE,point_mutation,somatic
V000505,S00194,CDKN2A,MISSENSE,point_mutation,somatic
V000506,S00194,SMO,SPLICE_REGION,point_mutation,somatic
V000507,S00195,CDKN2A,SPLICE,point_mutation,somatic
V000508,S00195,EZH2,MISSENSE,point_mutation,somatic
V000509,S00196,TP53,MISSENSE,point_mutation,somatic
V000510,S00196,TP53,COPY_LOSS,structural_variant,somatic
V000511,S00196,SMO,MISSENSE,point_mutation,somatic
V000512,S00197,TP53,SPLICE,point_mutation,somatic
V000513,S00197,CDKN2A,DELETION,structural_variant,somatic
V000514,S00197,PTCH1,FRAMESHIFT,point_mutation,somatic
V000515,S00197,SMO,MISSENSE,point_mutation,somatic
V000516,S00198,TP53,DELETION,structural_variant,somatic
V000517,S00199,TP53,MISSENSE,point_mutation,germline
V000518,S00199,EZH2,SPLICE_REGION,point_mutation,somatic
V000519,S00200,RUNX1,FUSION,structural_variant,somatic
V000520,S00200,CTNNB1,NONSENSE,point_mutation,somatic
V000521,S00200,CTNNB1,NONSENSE,point_mutation,somatic
V000522,S00200,SMO,SPLICE_REGION,point_mutation,somatic
V000523,S00201,KRAS,MISSENSE,point_mutation,somatic
V000524,S00201,EZH2,SILENCING,structural_variant,somatic
V000525,S00201,EZH2,COPY_LOSS,structural_variant,somatic
V000526,S00201,PTCH1,SPLICE_REGION,point_mutation,somatic
V000527,S00202,TP53,FRAMESHIFT,point_mutation,germline
V000528,S00202,DNMT3A,SILENCING,structural_variant,somatic
V000529,S00202,CTNNB1,MISSENSE,point_mutation,somatic
V000530,S00202,CTNNB1,MISSENSE,point_mutation,somatic
V000531,S00203,TP53,MISSENSE,point_mutation,somatic
V000532,S00203,CTNNB1,FRAMESHIFT,point_mutation,somatic
V000533,S00204,TP53,FRAMESHIFT,point_mutation,somatic
V000534,S00204,EZH2,FRAMESHIFT,point_mutation,somatic
V000535,S00205,TP53,MISSENSE,point_mutation,somatic
V000536,S00205,EZH2,COPY_LOSS,structural_variant,somatic
V000537,S00205,PTCH1,MISSENSE,point_mutation,somatic
V000538,S00206,CDKN2A,NONSENSE,point_mutation,somatic
V000539,S00206,CDKN2A,MISSENSE,point_mutation,somatic
V000540,S00206,EZH2,MISSENSE,point_mutation,somatic
V000541,S00206,PTCH1,MISSENSE,point_mutation,somatic
V000542,S00207,PTCH1,MISSENSE,point_mutation,somatic
V000543,S00207,SMO,SILENCING,structural_variant,somatic
V000544,S00208,IKZF1,MISSENSE,point_mutation,somatic
V000545,S00210,PAX5,FUSION,structural_variant,somatic
V000546,S00210,IKZF1,SILENCING,structural_variant,somatic
V000547,S00210,CTNNB1,SPLICE_REGION,point_mutation,somatic
V000548,S00210,PTCH1,SPLICE_REGION,point_mutation,somatic
V000549,S00211,CDKN2B,COPY_LOSS,structural_variant,somatic
V000550,S00212,EZH2,MISSENSE,point_mutation,somatic
V000551,S00212,PTCH1,FRAMESHIFT,point_mutation,somatic
V000552,S00212,PTCH1,NONSENSE,point_mutation,somatic
V000553,S00213,TP53,FRAMESHIFT,point_mutation,somatic
V000554,S00213,EZH2,MISSENSE,point_mutation,somatic
V000555,S00214,TP53,COPY_LOSS,structural_variant,somatic
V000556,S00215,CTNNB1,COPY_LOSS,structural_variant,somatic
V000557,S00215,PTCH1,MISSENSE,point_mutation,somatic
V000558,S00216,EZH2,FRAMESHIFT,point_mutation,somatic
V000559,S00217,CDKN2A,NONSENSE,point_mutation,somatic
V000560,S00217,EZH2,FRAMESHIFT,point_mutation,somatic
V000561,S00217,SMO,MISSENSE,point_mutation,somatic
V000562,S00219,EZH2,NONSENSE,point_mutation,somatic
V000563,S00220,TP53,FRAMESHIFT,point_mutation,somatic
V000564,S00220,FLT3,ACTIVATING,structural_variant,germline
V000565,S00220,FLT3,MISSENSE,point_mutation,somatic
V000566,S00222,DNMT3A,MISSENSE,point_mutation,somatic
V000567,S00222,PTCH1,FRAMESHIFT,point_mutation,somatic
V000568,S00222,SMO,COPY_LOSS,structural_variant,somatic
V000569,S00223,EZH2,NONSENSE,point_mutation,somatic
V000570,S00223,PTCH1,COPY_LOSS,structural_variant,somatic
V000571,S00223,PTCH1,MISSENSE,point_mutation,somatic
V000572,S00224,TP53,NONSENSE,point_mutation,germline
V000573,S00224,PTPN11,ITD,structural_variant,somatic
V000574,S00225,TP53,NONSENSE,point_mutation,somatic
V000575,S00225,TP53,COPY_LOSS,structural_variant,somatic
V000576,S00225,CDKN2A,FRAMESHIFT,point_mutation,somatic
V000577,S00225,CDKN2A,FRAMESHIFT,point_mutation,somatic
V000578,S00225,CDKN2A,DELETION,structural_variant,somatic
V000579,S00226,RB1,COPY_LOSS,structural_variant,somatic
V000580,S00226,EZH2,COPY_LOSS,structural_variant,somatic
V000581,S00226,CTNNB1,SPLICE_REGION,point_mutation,somatic
V000582,S00226,CTNNB1,FRAMESHIFT,point_mutation,somatic
V000583,S00226,CTNNB1,NONSENSE,point_mutation,somatic
V000584,S00227,CDKN2A,NONSENSE,point_mutation,somatic
V000585,S00227,SMO,COPY_LOSS,structural_variant,somatic
V000586,S00228,SMO,MISSENSE,point_mutation,somatic
V000587,S00229,TP53,MISSENSE,point_mutation,somatic
V000588,S00229,IKZF1,SILENCING,structural_variant,somatic
V000589,S00229,IKZF1,FRAMESHIFT,point_mutation,somatic
V000590,S00229,CTNNB1,FRAMESHIFT,point_mutation,somatic
V000591,S00229,CTNNB1,MISSENSE,point_mutation,somatic
V000592,S00230,TP53,FRAMESHIFT,point_mutation,somatic
V000593,S00230,CTNNB1,FRAMESHIFT,point_mutation,somatic
V000594,S00231,EZH2,COPY_LOSS,structural_variant,somatic
V000595,S00231,CTNNB1,FRAMESHIFT,point_mutation,somatic
V000596,S00231,CTNNB1,MISSENSE,point_mutation,somatic
V000597,S00232,EZH2,SPLICE_REGION,point_mutation,somatic
V000598,S00232,PTCH1,FRAMESHIFT,point_mutation,somatic
V000599,S00232,PTCH1,SPLICE_REGION,point_mutation,somatic
V000600,S00233,PAX5,FUSION,structural_variant,somatic
V000601,S00234,PTPN11,MISSENSE,point_mutation,somatic
V000602,S00234,ETV6,FUSION,structural_variant,somatic
V000603,S00234,EZH2,SPLICE_REGION,point_mutation,somatic
V000604,S00234,CTNNB1,SPLICE_REGION,point_mutation,somatic
V000605,S00234,CTNNB1,SPLICE_REGION,point_mutation,germline
V000606,S00235,TP53,COPY_LOSS,structural_variant,germline
V000607,S00235,TP53,MISSENSE,point_mutation,germline
V000608,S00235,CTNNB1,MISSENSE,point_mutation,somatic
V000609,S00235,SMO,NONSENSE,point_mutation,somatic
V000610,S00235,SMO,MISSENSE,point_mutation,somatic
V000611,S00236,RB1,NONSENSE,point_mutation,somatic
V000612,S00237,TP53,NONSENSE,point_mutation,somatic
V000613,S00237,CDKN2A,DELETION,structural_variant,somatic
V000614,S00237,PAX5,FUSION,structural_variant,somatic
V000615,S00237,PAX5,FUSION,structural_variant,somatic
V000616,S00237,EZH2,SILENCING,structural_variant,somatic
V000617,S00238,SMO,COPY_LOSS,structural_variant,somatic
V000618,S00239,PTCH1,FRAMESHIFT,point_mutation,somatic
V000619,S00239,PTCH1,MISSENSE,point_mutation,somatic
V000620,S00240,DNMT3A,MISSENSE,point_mutation,somatic
V000621,S00240,PTCH1,NONSENSE,point_mutation,somatic
V000622,S00240,SMO,MISSENSE,point_mutation,somatic
V000623,S00241,DNMT3A,COPY_LOSS,structural_variant,somatic
V000624,S00241,CTNNB1,MISSENSE,point_mutation,somatic
V000625,S00242,EZH2,FRAMESHIFT,point_mutation,somatic
V000626,S00242,CTNNB1,COPY_LOSS,structural_variant,somatic
V000627,S00242,PTCH1,NONSENSE,point_mutation,somatic
V000628,S00242,SMO,FRAMESHIFT,point_mutation,somatic
V000629,S00243,CDKN2A,MISSENSE,point_mutation,somatic
V000630,S00243,RB1,FRAMESHIFT,point_mutation,somatic
V000631,S00244,TP53,COPY_LOSS,structural_variant,somatic
V000632,S00244,CDKN2A,COPY_LOSS,structural_variant,somatic
V000633,S00245,CDKN2A,DELETION,structural_variant,somatic
V000634,S00245,EZH2,MISSENSE,point_mutation,somatic
V000635,S00245,CTNNB1,FRAMESHIFT,point_mutation,somatic
V000636,S00245,SMO,MISSENSE,point_mutation,somatic
V000637,S00246,TP53,NONSENSE,point_mutation,somatic
V000638,S00248,TP53,NONSENSE,point_mutation,somatic
V000639,S00248,PTPN11,ITD,structural_variant,somatic
V000640,S00248,RUNX1,FUSION,structural_variant,somatic
V000641,S00249,TP53,COPY_LOSS,structural_variant,somatic
V000642,S00249,CDKN2A,NONSENSE,point_mutation,somatic
V000643,S00249,CDKN2A,NONSENSE,point_mutation,somatic
V000644,S00249,CDKN2A,MISSENSE,point_mutation,somatic
V000645,S00249,NRAS,MISSENSE,point_mutation,germline
V000646,S00249,NRAS,MISSENSE,point_mutation,somatic
V000647,S00249,KRAS,MISSENSE,point_mutation,somatic
V000648,S00250,TP53,FRAMESHIFT,point_mutation,somatic
V000649,S00250,CDKN2A,MISSENSE,point_mutation,somatic
V000650,S00250,SMO,SILENCING,structural_variant,somatic
V000651,S00251,CDKN2A,DELETION,structural_variant,somatic
V000652,S00251,CDKN2A,FRAMESHIFT,point_mutation,somatic
V000653,S00252,KMT2A,FUSION,structural_variant,somatic
V000654,S00252,EZH2,MISSENSE,point_mutation,somatic
V000655,S00253,RB1,DELETION,structural_variant,somatic
V000656,S00253,RB1,COPY_LOSS,structural_variant,somatic
V000657,S00253,EZH2,FRAMESHIFT,point_mutation,somatic
V000658,S00254,CDKN2A,COPY_LOSS,structural_variant,germline
V000659,S00254,CDKN2A,DELETION,structural_variant,somatic
V000660,S00254,CDKN2A,NONSENSE,point_mutation,germline
V000661,S00255,NRAS,ITD,structural_variant,somatic
V000662,S00255,NRAS,ITD,structural_variant,somatic
V000663,S00255,KRAS,MISSENSE,point_mutation,somatic
V000664,S00256,TP53,COPY_LOSS,structural_variant,germline
V000665,S00256,CDKN2B,COPY_LOSS,structural_variant,somatic
V000666,S00256,RUNX1,FUSION,structural_variant,somatic
V000667,S00258,NRAS,MISSENSE,point_mutation,somatic
V000668,S00258,DNMT3A,SILENCING,structural_variant,somatic
V000669,S00259,CDKN2A,FRAMESHIFT,point_mutation,somatic
V000670,S00259,KRAS,MISSENSE,point_mutation,somatic
V000671,S00259,PTCH1,MISSENSE,point_mutation,somatic
V000672,S00260,RB1,NONSENSE,point_mutation,somatic
V000673,S00261,TP53,FRAMESHIFT,point_mutation,somatic
V000674,S00261,PAX5,FUSION,structural_variant,germline
V000675,S00261,SMO,MISSENSE,point_mutation,somatic
V000676,S00262,TP53,FRAMESHIFT,point_mutation,somatic
V000677,S00262,CDKN2A,MISSENSE,point_mutation,germline
V000678,S00262,CDKN2A,MISSENSE,point_mutation,somatic
V000679,S00262,RB1,SPLICE,point_mutation,somatic
V000680,S00262,RB1,COPY_LOSS,structural_variant,somatic
V000681,S00263,CDKN2A,NONSENSE,point_mutation,somatic
V000682,S00263,RB1,FRAMESHIFT,point_mutation,somatic
V000683,S00264,TP53,DELETION,structural_variant,somatic
V000684,S00265,TP53,COPY_LOSS,structural_variant,somatic
V000685,S00265,CDKN2A,COPY_LOSS,structural_variant,somatic
V000686,S00266,TP53,NONSENSE,point_mutation,somatic
V000687,S00267,CDKN2B,MISSENSE,point_mutation,somatic
V000688,S00267,RB1,NONSENSE,point_mutation,somatic
V000689,S00268,CDKN2A,MISSENSE,point_mutation,somatic
V000690,S00268,CDKN2A,COPY_LOSS,structural_variant,somatic
V000691,S00268,RUNX1,FUSION,structural_variant,somatic
V000692,S00269,CDKN2A,DELETION,structural_variant,somatic
V000693,S00269,RB1,NONSENSE,point_mutation,germline
V000694,S00270,TP53,COPY_LOSS,structural_variant,somatic
V000695,S00270,CDKN2A,NONSENSE,point_mutation,somatic
V000696,S00270,CDKN2A,NONSENSE,point_mutation,somatic
V000697,S00271,TP53,MISSENSE,point_mutation,somatic
V000698,S00272,CDKN2A,FRAMESHIFT,point_mutation,somatic
V000699,S00272,CDKN2A,SPLICE,point_mutation,somatic
V000700,S00272,SMO,SPLICE_REGION,point_mutation,somatic
V000701,S00273,RB1,MISSENSE,point_mutation,somatic
V000702,S00273,DNMT3A,FRAMESHIFT,point_mutation,somatic
V000703,S00274,TP53,DELETION,structural_variant,somatic
V000704,S00274,CDKN2A,NONSENSE,point_mutation,somatic
V000705,S00274,SMO,MISSENSE,point_mutation,somatic
V000706,S00275,TP53,FRAMESHIFT,point_mutation,somatic
V000707,S00275,CDKN2A,NONSENSE,point_mutation,somatic
V000708,S00275,CDKN2A,MISSENSE,point_mutation,somatic
V000709,S00276,RB1,SPLICE,point_mutation,somatic
V000710,S00277,TP53,COPY_LOSS,structural_variant,somatic
V000711,S00277,RB1,DELETION,structural_variant,somatic
V000712,S00277,RB1,FRAMESHIFT,point_mutation,somatic
V000713,S00277,KRAS,MISSENSE,point_mutation,somatic
V000714,S00278,ETV6,FUSION,structural_variant,somatic
V000715,S00278,ETV6,FUSION,structural_variant,somatic
V000716,S00279,TP53,DELETION,structural_variant,germline
V000717,S00279,CDKN2A,MISSENSE,point_mutation,somatic
V000718,S00279,RB1,NONSENSE,point_mutation,somatic
V000719,S00279,NRAS,MISSENSE,point_mutation,somatic
V000720,S00280,TP53,COPY_LOSS,structural_variant,somatic
V000721,S00280,RB1,MISSENSE,point_mutation,somatic
V000722,S00281,TP53,COPY_LOSS,structural_variant,somatic
V000723,S00283,RB1,COPY_LOSS,structural_variant,somatic
V000724,S00284,CDKN2A,COPY_LOSS,structural_variant,somatic
V000725,S00284,RB1,SPLICE,point_mutation,germline
V000726,S00285,CDKN2A,NONSENSE,point_mutation,somatic
V000727,S00285,EZH2,SPLICE_REGION,point_mutation,somatic
V000728,S00285,SMO,MISSENSE,point_mutation,somatic
V000729,S00286,CDKN2A,FRAMESHIFT,point_mutation,somatic
V000730,S00287,SMO,MISSENSE,point_mutation,somatic
V000731,S00289,NRAS,ITD,structural_variant,somatic
V000732,S00289,NRAS,ITD,structural_variant,somatic
V000733,S00290,CDKN2A,DELETION,structural_variant,somatic
V000734,S00291,RB1,SPLICE,point_mutation,somatic
V000735,S00291,NRAS,MISSENSE,point_mutation,somatic
V000736,S00291,KRAS,MISSENSE,point_mutation,somatic
V000737,S00291,PTPN11,ITD,structural_variant,somatic
V000738,S00291,SMO,FRAMESHIFT,point_mutation,somatic
V000739,S00291,SMO,FRAMESHIFT,point_mutation,somatic
V000740,S00292,TP53,SPLICE,point_mutation,germline
V000741,S00293,TP53,FRAMESHIFT,point_mutation,somatic
V000742,S00293,CDKN2A,NONSENSE,point_mutation,somatic
V000743,S00293,CDKN2A,COPY_LOSS,structural_variant,somatic
V000744,S00293,KRAS,PROTEININS,point_mutation,somatic
V000745,S00294,KRAS,MISSENSE,point_mutation,somatic
V000746,S00295,TP53,COPY_LOSS,structural_variant,somatic
V000747,S00295,CDKN2A,COPY_LOSS,structural_variant,somatic
V000748,S00295,KRAS,ITD,structural_variant,somatic
V000749,S00296,TP53,MISSENSE,point_mutation,somatic
V000750,S00296,RB1,DELETION,structural_variant,somatic
V000751,S00296,SMO,COPY_LOSS,structural_variant,somatic
V000752,S00297,CDKN2A,MISSENSE,point_mutation,somatic
V000753,S00297,CDKN2A,NONSENSE,point_mutation,somatic
V000754,S00297,RB1,NONSENSE,point_mutation,germline
V000755,S00298,CDKN2A,SPLICE,point_mutation,somatic
V000756,S00299,TP53,MISSENSE,point_mutation,somatic
V000757,S00299,RB1,NONSENSE,point_mutation,somatic
V000758,S00299,NRAS,PROTEININS,point_mutation,somatic
V000759,S00299,KRAS,MISSENSE,point_mutation,somatic
V000760,S00299,PTCH1,MISSENSE,point_mutation,somatic
V000761,S00300,RB1,FRAMESHIFT,point_mutation,somatic
V000762,S00300,RB1,FRAMESHIFT,point_mutation,somatic
V000763,S00300,NRAS,MISSENSE,point_mutation,somatic
V000764,S00300,NRAS,MISSENSE,point_mutation,somatic
V000765,S00300,NRAS,MISSENSE,point_mutation,somatic
V000766,S00301,TP53,COPY_LOSS,structural_variant,somatic
V000767,S00301,CDKN2A,MISSENSE,point_mutation,somatic
V000768,S00302,NRAS,MISSENSE,point_mutation,somatic
V000769,S00302,DNMT3A,COPY_LOSS,structural_variant,somatic
V000770,S00302,DNMT3A,MISSENSE,point_mutation,somatic
V000771,S00304,RB1,COPY_LOSS,structural_variant,somatic
V000772,S00304,RB1,COPY_LOSS,structural_variant,somatic
V000773,S00304,DNMT3A,NONSENSE,point_mutation,somatic
V000774,S00305,CDKN2A,DELETION,structural_variant,somatic
V000775,S00305,CDKN2B,SPLICE,point_mutation,somatic
V000776,S00305,RB1,NONSENSE,point_mutation,somatic
V000777,S00305,RB1,MISSENSE,point_mutation,somatic
V000778,S00305,KRAS,MISSENSE,point_mutation,somatic
V000779,S00305,PTPN11,MISSENSE,point_mutation,somatic
V000780,S00306,TP53,NONSENSE,point_mutation,germline
V000781,S00306,KRAS,ITD,structural_variant,somatic
V000782,S00307,TP53,MISSENSE,point_mutation,germline
V000783,S00307,TP53,COPY_LOSS,structural_variant,somatic
V000784,S00308,TP53,NONSENSE,point_mutation,somatic
V000785,S00308,TP53,MISSENSE,point_mutation,somatic
V000786,S00309,TP53,DELETION,structural_variant,germline
V000787,S00309,RB1,COPY_LOSS,structural_variant,somatic
V000788,S00309,PTPN11,MISSENSE,point_mutation,somatic
V000789,S00309,PTCH1,MISSENSE,point_mutation,somatic
V000790,S00310,TP53,COPY_LOSS,structural_variant,somatic
V000791,S00310,RB1,MISSENSE,point_mutation,germline
V000792,S00311,TP53,COPY_LOSS,structural_variant,somatic
V000793,S00311,NRAS,ITD,structural_variant,somatic
V000794,S00312,TP53,COPY_LOSS,structural_variant,somatic
V000795,S00312,RB1,MISSENSE,point_mutation,somatic
V000796,S00313,PTPN11,ACTIVATING,structural_variant,somatic
V000797,S00313,SMO,FRAMESHIFT,point_mutation,somatic
V000798,S00314,KRAS,PROTEININS,point_mutation,somatic
V000799,S00315,TP53,DELETION,structural_variant,germline
V000800,S00315,CDKN2A,NONSENSE,point_mutation,somatic
V000801,S00315,KRAS,MISSENSE,point_mutation,somatic
V000802,S00315,PTCH1,NONSENSE,point_mutation,germline
V000803,S00316,RB1,MISSENSE,point_mutation,somatic
V000804,S00316,FLT3,ITD,structural_variant,somatic
V000805,S00317,CDKN2A,MISSENSE,point_mutation,somatic
V000806,S00317,CDKN2A,MISSENSE,point_mutation,somatic
V000807,S00317,RB1,MISSENSE,point_mutation,somatic
V000808,S00317,RB1,COPY_LOSS,structural_variant,somatic
V000809,S00319,CDKN2A,MISSENSE,point_mutation,somatic
V000810,S00319,RB1,DELETION,structural_variant,somatic
V000811,S00321,TP53,MISSENSE,point_mutation,somatic
V000812,S00321,CDKN2A,MISSENSE,point_mutation,somatic
V000813,S00321,EZH2,FRAMESHIFT,point_mutation,somatic
V000814,S00321,EZH2,MISSENSE,point_mutation,somatic
V000815,S00322,TP53,MISSENSE,point_mutation,germline
V000816,S00322,KRAS,MISSENSE,point_mutation,somatic
V000817,S00322,ETV6,FUSION,structural_variant,somatic
V000818,S00322,EZH2,SPLICE_REGION,point_mutation,somatic
V000819,S00322,EZH2,FRAMESHIFT,point_mutation,somatic
V000820,S00323,RB1,MISSENSE,point_mutation,somatic
V000821,S00324,TP53,COPY_LOSS,structural_variant,germline
V000822,S00324,RB1,SPLICE,point_mutation,somatic
V000823,S00325,IKZF1,SPLICE_REGION,point_mutation,somatic
V000824,S00327,NRAS,ITD,structural_variant,somatic
V000825,S00327,KRAS,MISSENSE,point_mutation,somatic
V000826,S00328,TP53,FRAMESHIFT,point_mutation,somatic
V000827,S00329,NRAS,ITD,structural_variant,germline
V000828,S00332,NRAS,MISSENSE,point_mutation,somatic
V000829,S00332,NRAS,MISSENSE,point_mutation,somatic
V000830,S00332,DNMT3A,SILENCING,structural_variant,somatic
V000831,S00333,KRAS,MISSENSE,point_mutation,somatic
V000832,S00333,KRAS,MISSENSE,point_mutation,somatic
V000833,S00333,ETV6,FUSION,structural_variant,somatic
V000834,S00334,TP53,NONSENSE,point_mutation,somatic
V000835,S00334,CDKN2B,MISSENSE,point_mutation,somatic
V000836,S00334,CDKN2B,SPLICE,point_mutation,somatic
V000837,S00335,TP53,COPY_LOSS,structural_variant,somatic
V000838,S00335,TP53,MISSENSE,point_mutation,somatic
V000839,S00336,TP53,MISSENSE,point_mutation,somatic
V000840,S00336,PTCH1,MISSENSE,point_mutation,germline
V000841,S00336,PTCH1,MISSENSE,point_mutation,somatic
V000842,S00337,RB1,COPY_LOSS,structural_variant,somatic
V000843,S00338,DNMT3A,MISSENSE,point_mutation,somatic
V000844,S00338,CTNNB1,SPLICE_REGION,point_mutation,somatic
V000845,S00339,CDKN2A,FRAMESHIFT,point_mutation,somatic
V000846,S00339,KRAS,MISSENSE,point_mutation,somatic
V000847,S00340,TP53,MISSENSE,point_mutation,somatic
V000848,S00340,RB1,COPY_LOSS,structural_variant,somatic
V000849,S00340,PTCH1,FRAMESHIFT,point_mutation,somatic
V000850,S00341,TP53,MISSENSE,point_mutation,somatic
V000851,S00341,RB1,MISSENSE,point_mutation,somatic
V000852,S00343,CDKN2A,MISSENSE,point_mutation,somatic
